Character,Aliases
Abomination,"Abomination, The Abomination, Emil Blonsky, Blonsky"
Abu Bakaar,"Abu Bakaar"
Agent 13,"Agent 13, Kate / Agent 13, Sharon Carter"
Agent Garrett,"Agent Garrett, Jonathan 'John' Garrett"
Agent Scott Kelly,"Agent Scott Kelly"
Aldrich Killian,"Aldrich Killian, Killian"
Ant-Man,"Ant-Man, Scott Lang, Scott Lang / Ant-Man"
Alexander Pierce,"Alexander Pierce"
Bambi Arbogast,"Bambi Arbogast"
Black Panther,"Black Panther, T'Challa, T'Challa / Black Panther, Young T'Challa"
Black Widow,"Black Widow, Agent Romanoff, Natasha Romanoff, Natasha Romanoff / Black Widow, Natalie Rushman / Natasha Romanoff, Natalie Rushman"
Betty Brant,"Betty Brant, Betty"
Betty Ross,"Betty Ross"
Captain America,"Captain America, Steve Rogers, Steve Rogers / Captain America, Captain America / Steve Rogers"
Captain Marvel,"Captain Marvel, Vers, Carol Danvers, Carol Danvers / Captain Marvel, Carol Danvers / Vers / Captain Marvel"
Carina,"Carina"
Cassie Lang,"Cassie Lang, Cassie"
Christine Everhart,"Christine Everhart"
Cindy Moon,"Cindy Moon, Cindy"
Colonel Chester Phillips,"Colonel Chester Phillips"
Cooper Barton,"Cooper Barton"
Corvus Glaive,"Corvus Glaive"
Cosmo the Space Dog,"Cosmo the Space Dog"
Coulson,"Coulson, Phil Coulson, Agent Coulson, Agent Phil Coulson"
Crossbones,"Crossbones, Brock Rumlow, Brock Rumlow / Crossbones"
Doctor Strange,"Doctor Strange, Stephen Strange, Dr. Stephen Strange, Dr Stephen Strange, Dr Strange, Dr. Strange"
Darcy Lewis,"Darcy Lewis, Darcy"
Dave,"Dave"
Drax,"Drax, Drax the Destroyer"
Dr. Arnim Zola,"Dr. Arnim Zola, Dr Arnim Zola,  Arnim Zola, Zola"
Dr. Helen Cho,"Dr. Helen Cho, Dr Helen Cho"
Dr. List,"Dr. List, Dr List"
Ebony Maw,"Ebony Maw"
Ego,"Ego"
Everett Ross,"Everett Ross, Everett K. Ross"
Falcon,"Falcon, Samuel Thomas Wilson, Sam Wilson, Sam Wilson / Falcon"
Fandral,"Fandral"
Flash Thompson,"Flash Thompson, Flash"
Friday,"Friday, FRIDAY"
Frigga,"Frigga"
Gamora,"Gamora,Young Gamora"
Ghost,"Ghost, Ava / Ghost"
Goose,"Goose, Flerken"
Grandmaster,"Grandmaster"
Groot,"Groot, Baby Groot, Teen Groot"
Happy Hogan,"Happy Hogan, Happy, Hogan"
Harley Keener,"Harley Keener"
Hawkeye,"Hawkeye, Clint Barton, Clint Barton / Hawkeye"
Heimdall,"Heimdall"
Heinz Kruger,"Heinz Kruger"
Hela,"Hela"
Hogun,"Hogun"
Howard Stark,"Howard Stark"
Howard the Duck,"Howard the Duck"
Hulk,"Hulk, The Hulk, The Incredible Hulk, Bruce Banner, Bruce Banner / Hulk, Bruce Banner / The Hulk"
Iron Man,"Iron Man, Tony Stark, Tony Stark / Iron Man"
Iron Monger,"Iron Monger, Obadiah Stane"
Jack Rollins,"Jack Rollins, Agent Rollins"
Jane Foster,"Jane Foster"
Janet Van Dyne,"Janet Van Dyne, Janet Van Dyne / Wasp"
Justin Hammer,"Justin Hammer"
Kaecilius,"Kaecilius"
Killmonger,"Killmonger, Erik Killmonger, Young Killmonger"
Korath,"Korath"
Korg,"Korg"
Kraglin,"Kraglin, Kraglin / On Set Rocket"
Kurse,"Kurse, Algrim / Kurse, Algrim"
Kurt,"Kurt"
Laufey,"Laufey, King Laufey"
Laura Barton,"Laura Barton"
Lila Barton,"Lila Barton"
Loki,"Loki, Young Loki, Loki as Captain America"
Lucian,"Lucian, Lucian Aster, Lucian / Strong Zealot"
Luis,"Luis"
Maggie Lang,"Maggie Lang, Maggie"
Malekith,"Malekith"
Major Allen,"Major Allen"
Mantis,"Mantis"
Maria Hill,"Maria Hill, Agent Maria Hill"
Maria Stark,"Maria Stark"
Maya Hansen,"Maya Hansen"
May Parker,"May Parker"
Meredith Quill,"Meredith Quill"
Michelle Jones,"Michelle Jones"
Mordo,"Mordo"
Mr. Delmar,"Mr. Delmar"
Mr. Harrington,"Mr. Harrington, Roger Harrington"
Mysterio,"Mysterio, Quentin Beck, Quentin Beck / Mysterio"
M'Baku,"M'Baku"
Nathaniel Pietro Barton,"Nathaniel Pietro Barton"
Nebula,"Nebula"
Ned,"Ned"
Nick Fury,"Nick Fury, Agent Nick Fury, Fury"
Odin,"Odin"
Okoye,"Okoye"
Pat Kiernan,"Pat Kiernan"
Paxton,"Paxton, James 'Jim' Paxton"
Peggy Carter,"Peggy Carter, Agent Carter, Agent Peggy Carter"
Pepper Potts,"Pepper Potts"
Proxima Midnight,"Proxima Midnight"
Pym,"Pym, Dr. Hank Pym, Dr Hank Pym, Hank Pym, Young Pym"
Quicksilver,"Quicksilver, Pietro Maximoff, Pietro Maximoff / Quicksilver"
Red Skull,"Red Skull, Johann Schmidt, Johann Schmidt / Red Skull"
Rocket,"Rocket, Rocket Racoon"
Ronan,"Ronan,Ronan the Accuser"
Ross,"Ross, Secretary of State Thaddeus Ross, General 'Thunderbolt' Ross"
Sally Avril,"Sally Avril, Sally"
Scarlet Witch,"Scarlet Witch, Wanda Maximoff, Wanda Maximoff / Scarlet Witch"
Sergeant Duffy,"Sergeant Duffy, Sergeant Michael Joseph Duffy"
Selvig,"Selvig, Erik Selvig, Dr. Erik Selvig, Dr Erik Selvig"
Senator Stern,"Senator Stern"
Shocker 1,"Shocker 1, Jackson Brice, Jackson Brice / Shocker #1"
Shocker 2,"Shocker 2, Herman Schultz, Herman Schultz / Shocker, Herman Schultz / Shocker #2"
Shuri,"Shuri"
Sif,"Sif"
Sitwell,"Sitwell, Jasper Sitwell, Agent Jasper Sitwell, Agent Sitwell"
Skurge,"Skurge"
Sonny Burch,"Sonny Burch"
Spider-Man,"Spider-Man, Spider Man, Peter Parker, Peter Parker / Spider-Man"
# this one is weird:  Stan Lee,"Stan Lee"
Star-Lord,"Star-Lord, Star Lord, Quill, Peter Quill, Peter Quill / Star-Lord, Young Peter Quill, Young Quill"
Strucker,"Strucker, Baron Wolfgang von Strucker"
Supreme Intelligence,"Supreme Intelligence"
Surtur,"Surtur"
Taserface,"Taserface"
T'Chaka,"T'Chaka, King T'Chaka, Young T'Chaka "
Thanos,"Thanos"
The Ancient One,"The Ancient One"
The Collector,"The Collector, Taneleer Tivan"
The Other,"The Other"
The Winter Soldier,"The Winter Soldier, James Barnes, Bucky, Bucky Barnes, Bucky Barnes / Winter Soldier, James Buchanan 'Bucky' Barnes"
Thomas Roberts,"Thomas Roberts"
Thor,"Thor, Thor Odinson, Young Thor"
Trevor Slattery,"Trevor Slattery"
Tyr,"Tyr"
Valkyrie,"Valkyrie"
Vision,"Vision, The Vision, JARVIS, Jarvis / Vision"
Volstagg,"Volstagg"
Vulture,"Vulture, Adrian Toomes, Adrian Toomes / Vulture"
Ultron,"Ultron"
Ulysses Klaue,"Ulysses Klaue"
Uzman,"Uzman"
War Machine,"War Machine, James Rhodes, Rhodey, James Rhodes / War Machine, Lt. Col. James 'Rhodey' Rhodes, Lieutenant James Rhodes / War Machine, Colonel James Rhodes"
Wasp,"Wasp, The Wasp, Hope van Dyne, Hope, Hope van Dyne / The Wasp, Hope Van Dyne / Wasp"
Whiplash,"Whiplash, Ivan Vanko, Whiplash One"
W'Kabi,"W'Kabi"
Wong,"Wong"
Yellowjacket,"Yellowjacket, Darren Cross / Yellowjacket"
Yinsen,"Yinsen, Ho Yinsen"
Yondu,"Yondu, Yondu Udonta"
Yon-Rogg,"Yon-Rogg"
Zemo,"Zemo, Helmut Zemo"
